arch,category,rule,count,expanded_count,path
WS,user_guide,USER_GUIDE.M7,14,14,/home/host_1/systolic_array_edge/asic_commercial/ws/reports/calibre/ws_core_std_top_4x4_drc_backend_datatype_preserve_patch.rep
WS,user_guide,USER_GUIDE.M9,4,4,/home/host_1/systolic_array_edge/asic_commercial/ws/reports/calibre/ws_core_std_top_4x4_drc_backend_datatype_preserve_patch.rep
WS,user_guide,USER_GUIDE.M10,36,36,/home/host_1/systolic_array_edge/asic_commercial/ws/reports/calibre/ws_core_std_top_4x4_drc_backend_datatype_preserve_patch.rep
WS,user_guide,USER_GUIDE.VIA6,1326,1346,/home/host_1/systolic_array_edge/asic_commercial/ws/reports/calibre/ws_core_std_top_4x4_drc_backend_datatype_preserve_patch.rep
WS,user_guide,USER_GUIDE.VIA7,1320,1320,/home/host_1/systolic_array_edge/asic_commercial/ws/reports/calibre/ws_core_std_top_4x4_drc_backend_datatype_preserve_patch.rep
WS,user_guide,USER_GUIDE.VIA8,344,344,/home/host_1/systolic_array_edge/asic_commercial/ws/reports/calibre/ws_core_std_top_4x4_drc_backend_datatype_preserve_patch.rep
WS,user_guide,USER_GUIDE.VIA9,696,696,/home/host_1/systolic_array_edge/asic_commercial/ws/reports/calibre/ws_core_std_top_4x4_drc_backend_datatype_preserve_patch.rep
WS,warning,IO_CONNECT_CORE_NET_VOLTAGE_IS_CORE:WARNING1,1,1,/home/host_1/systolic_array_edge/asic_commercial/ws/reports/calibre/ws_core_std_top_4x4_drc_backend_datatype_preserve_patch.rep
WS,warning,FLIP_CHIP_WITHOUT_28K_AP:WARNING,1,1,/home/host_1/systolic_array_edge/asic_commercial/ws/reports/calibre/ws_core_std_top_4x4_drc_backend_datatype_preserve_patch.rep
WS,warning,DIODMY_L:WARNING,1,1,/home/host_1/systolic_array_edge/asic_commercial/ws/reports/calibre/ws_core_std_top_4x4_drc_backend_datatype_preserve_patch.rep
WS,geometry,G.4:M1i,2381,2381,/home/host_1/systolic_array_edge/asic_commercial/ws/reports/calibre/ws_core_std_top_4x4_drc_backend_datatype_preserve_patch.rep
WS,geometry,G.4:M2i,347,347,/home/host_1/systolic_array_edge/asic_commercial/ws/reports/calibre/ws_core_std_top_4x4_drc_backend_datatype_preserve_patch.rep
WS,geometry,G.4:M3i,2,2,/home/host_1/systolic_array_edge/asic_commercial/ws/reports/calibre/ws_core_std_top_4x4_drc_backend_datatype_preserve_patch.rep
WS,contact,CO.EN.6,73,29044,/home/host_1/systolic_array_edge/asic_commercial/ws/reports/calibre/ws_core_std_top_4x4_drc_backend_datatype_preserve_patch.rep
WS,metal,M1.S.1,595,595,/home/host_1/systolic_array_edge/asic_commercial/ws/reports/calibre/ws_core_std_top_4x4_drc_backend_datatype_preserve_patch.rep
WS,metal,M1.S.7,2,2,/home/host_1/systolic_array_edge/asic_commercial/ws/reports/calibre/ws_core_std_top_4x4_drc_backend_datatype_preserve_patch.rep
WS,metal,M1.S.8,2,2,/home/host_1/systolic_array_edge/asic_commercial/ws/reports/calibre/ws_core_std_top_4x4_drc_backend_datatype_preserve_patch.rep
WS,metal,M2.W.4,43,43,/home/host_1/systolic_array_edge/asic_commercial/ws/reports/calibre/ws_core_std_top_4x4_drc_backend_datatype_preserve_patch.rep
WS,metal,M2.S.1,511,511,/home/host_1/systolic_array_edge/asic_commercial/ws/reports/calibre/ws_core_std_top_4x4_drc_backend_datatype_preserve_patch.rep
WS,metal,M2.S.7,7,7,/home/host_1/systolic_array_edge/asic_commercial/ws/reports/calibre/ws_core_std_top_4x4_drc_backend_datatype_preserve_patch.rep
WS,metal,M2.S.8,10,10,/home/host_1/systolic_array_edge/asic_commercial/ws/reports/calibre/ws_core_std_top_4x4_drc_backend_datatype_preserve_patch.rep
WS,metal,M3.S.1,342,342,/home/host_1/systolic_array_edge/asic_commercial/ws/reports/calibre/ws_core_std_top_4x4_drc_backend_datatype_preserve_patch.rep
WS,metal,M4.S.1,331,331,/home/host_1/systolic_array_edge/asic_commercial/ws/reports/calibre/ws_core_std_top_4x4_drc_backend_datatype_preserve_patch.rep
WS,metal,M5.S.1,330,330,/home/host_1/systolic_array_edge/asic_commercial/ws/reports/calibre/ws_core_std_top_4x4_drc_backend_datatype_preserve_patch.rep
WS,metal,M6.S.1,1,330,/home/host_1/systolic_array_edge/asic_commercial/ws/reports/calibre/ws_core_std_top_4x4_drc_backend_datatype_preserve_patch.rep
OS,user_guide,USER_GUIDE.M9,4,4,/home/host_1/systolic_array_edge/asic_commercial/os/reports/calibre/os_core_std_top_4x4_drc_backend.rep
OS,user_guide,USER_GUIDE.M10,40,40,/home/host_1/systolic_array_edge/asic_commercial/os/reports/calibre/os_core_std_top_4x4_drc_backend.rep
OS,user_guide,USER_GUIDE.VIA6,1288,1288,/home/host_1/systolic_array_edge/asic_commercial/os/reports/calibre/os_core_std_top_4x4_drc_backend.rep
OS,user_guide,USER_GUIDE.VIA7,1288,1288,/home/host_1/systolic_array_edge/asic_commercial/os/reports/calibre/os_core_std_top_4x4_drc_backend.rep
OS,user_guide,USER_GUIDE.VIA8,340,340,/home/host_1/systolic_array_edge/asic_commercial/os/reports/calibre/os_core_std_top_4x4_drc_backend.rep
OS,user_guide,USER_GUIDE.VIA9,688,688,/home/host_1/systolic_array_edge/asic_commercial/os/reports/calibre/os_core_std_top_4x4_drc_backend.rep
OS,warning,IO_CONNECT_CORE_NET_VOLTAGE_IS_CORE:WARNING1,1,1,/home/host_1/systolic_array_edge/asic_commercial/os/reports/calibre/os_core_std_top_4x4_drc_backend.rep
OS,warning,FLIP_CHIP_WITHOUT_28K_AP:WARNING,1,1,/home/host_1/systolic_array_edge/asic_commercial/os/reports/calibre/os_core_std_top_4x4_drc_backend.rep
OS,warning,DIODMY_L:WARNING,1,1,/home/host_1/systolic_array_edge/asic_commercial/os/reports/calibre/os_core_std_top_4x4_drc_backend.rep
OS,geometry,G.4:M1i,2325,2325,/home/host_1/systolic_array_edge/asic_commercial/os/reports/calibre/os_core_std_top_4x4_drc_backend.rep
OS,geometry,G.4:M2i,447,447,/home/host_1/systolic_array_edge/asic_commercial/os/reports/calibre/os_core_std_top_4x4_drc_backend.rep
OS,contact,CO.EN.6,56,27480,/home/host_1/systolic_array_edge/asic_commercial/os/reports/calibre/os_core_std_top_4x4_drc_backend.rep
OS,metal,M1.S.1,674,674,/home/host_1/systolic_array_edge/asic_commercial/os/reports/calibre/os_core_std_top_4x4_drc_backend.rep
OS,metal,M1.S.7,4,4,/home/host_1/systolic_array_edge/asic_commercial/os/reports/calibre/os_core_std_top_4x4_drc_backend.rep
OS,metal,M1.S.8,4,4,/home/host_1/systolic_array_edge/asic_commercial/os/reports/calibre/os_core_std_top_4x4_drc_backend.rep
OS,metal,M2.W.4,44,44,/home/host_1/systolic_array_edge/asic_commercial/os/reports/calibre/os_core_std_top_4x4_drc_backend.rep
OS,metal,M2.S.1,543,543,/home/host_1/systolic_array_edge/asic_commercial/os/reports/calibre/os_core_std_top_4x4_drc_backend.rep
OS,metal,M2.S.7,11,11,/home/host_1/systolic_array_edge/asic_commercial/os/reports/calibre/os_core_std_top_4x4_drc_backend.rep
OS,metal,M2.S.8,20,20,/home/host_1/systolic_array_edge/asic_commercial/os/reports/calibre/os_core_std_top_4x4_drc_backend.rep
OS,via,VIA2.EN.11,1,1,/home/host_1/systolic_array_edge/asic_commercial/os/reports/calibre/os_core_std_top_4x4_drc_backend.rep
OS,metal,M3.S.1,333,333,/home/host_1/systolic_array_edge/asic_commercial/os/reports/calibre/os_core_std_top_4x4_drc_backend.rep
OS,metal,M4.S.1,322,322,/home/host_1/systolic_array_edge/asic_commercial/os/reports/calibre/os_core_std_top_4x4_drc_backend.rep
OS,metal,M5.S.1,322,322,/home/host_1/systolic_array_edge/asic_commercial/os/reports/calibre/os_core_std_top_4x4_drc_backend.rep
OS,metal,M6.S.1,1,322,/home/host_1/systolic_array_edge/asic_commercial/os/reports/calibre/os_core_std_top_4x4_drc_backend.rep
IS,user_guide,USER_GUIDE.M9,4,4,/home/host_1/systolic_array_edge/asic_commercial/is/reports/calibre/is_core_std_top_4x4_drc_backend.rep
IS,user_guide,USER_GUIDE.M10,36,36,/home/host_1/systolic_array_edge/asic_commercial/is/reports/calibre/is_core_std_top_4x4_drc_backend.rep
IS,user_guide,USER_GUIDE.VIA6,1320,1320,/home/host_1/systolic_array_edge/asic_commercial/is/reports/calibre/is_core_std_top_4x4_drc_backend.rep
IS,user_guide,USER_GUIDE.VIA7,1320,1320,/home/host_1/systolic_array_edge/asic_commercial/is/reports/calibre/is_core_std_top_4x4_drc_backend.rep
IS,user_guide,USER_GUIDE.VIA8,344,344,/home/host_1/systolic_array_edge/asic_commercial/is/reports/calibre/is_core_std_top_4x4_drc_backend.rep
IS,user_guide,USER_GUIDE.VIA9,696,696,/home/host_1/systolic_array_edge/asic_commercial/is/reports/calibre/is_core_std_top_4x4_drc_backend.rep
IS,warning,IO_CONNECT_CORE_NET_VOLTAGE_IS_CORE:WARNING1,1,1,/home/host_1/systolic_array_edge/asic_commercial/is/reports/calibre/is_core_std_top_4x4_drc_backend.rep
IS,warning,FLIP_CHIP_WITHOUT_28K_AP:WARNING,1,1,/home/host_1/systolic_array_edge/asic_commercial/is/reports/calibre/is_core_std_top_4x4_drc_backend.rep
IS,warning,DIODMY_L:WARNING,1,1,/home/host_1/systolic_array_edge/asic_commercial/is/reports/calibre/is_core_std_top_4x4_drc_backend.rep
IS,geometry,G.4:M1i,2411,2411,/home/host_1/systolic_array_edge/asic_commercial/is/reports/calibre/is_core_std_top_4x4_drc_backend.rep
IS,geometry,G.4:M2i,460,460,/home/host_1/systolic_array_edge/asic_commercial/is/reports/calibre/is_core_std_top_4x4_drc_backend.rep
IS,geometry,G.4:M3i,2,2,/home/host_1/systolic_array_edge/asic_commercial/is/reports/calibre/is_core_std_top_4x4_drc_backend.rep
IS,contact,CO.EN.6,75,28803,/home/host_1/systolic_array_edge/asic_commercial/is/reports/calibre/is_core_std_top_4x4_drc_backend.rep
IS,metal,M1.S.1,644,644,/home/host_1/systolic_array_edge/asic_commercial/is/reports/calibre/is_core_std_top_4x4_drc_backend.rep
IS,metal,M1.S.7,2,2,/home/host_1/systolic_array_edge/asic_commercial/is/reports/calibre/is_core_std_top_4x4_drc_backend.rep
IS,metal,M1.S.8,2,2,/home/host_1/systolic_array_edge/asic_commercial/is/reports/calibre/is_core_std_top_4x4_drc_backend.rep
IS,metal,M2.W.4,50,50,/home/host_1/systolic_array_edge/asic_commercial/is/reports/calibre/is_core_std_top_4x4_drc_backend.rep
IS,metal,M2.S.1,561,561,/home/host_1/systolic_array_edge/asic_commercial/is/reports/calibre/is_core_std_top_4x4_drc_backend.rep
IS,metal,M2.S.7,11,11,/home/host_1/systolic_array_edge/asic_commercial/is/reports/calibre/is_core_std_top_4x4_drc_backend.rep
IS,metal,M2.S.8,18,18,/home/host_1/systolic_array_edge/asic_commercial/is/reports/calibre/is_core_std_top_4x4_drc_backend.rep
IS,metal,M3.S.1,342,342,/home/host_1/systolic_array_edge/asic_commercial/is/reports/calibre/is_core_std_top_4x4_drc_backend.rep
IS,metal,M4.S.1,331,331,/home/host_1/systolic_array_edge/asic_commercial/is/reports/calibre/is_core_std_top_4x4_drc_backend.rep
IS,metal,M4.S.2,1,1,/home/host_1/systolic_array_edge/asic_commercial/is/reports/calibre/is_core_std_top_4x4_drc_backend.rep
IS,metal,M5.S.1,330,330,/home/host_1/systolic_array_edge/asic_commercial/is/reports/calibre/is_core_std_top_4x4_drc_backend.rep
IS,metal,M6.S.1,1,330,/home/host_1/systolic_array_edge/asic_commercial/is/reports/calibre/is_core_std_top_4x4_drc_backend.rep
DIP,user_guide,USER_GUIDE.M7,7,7,/home/host_1/systolic_array_edge/asic_commercial/dip/reports/calibre/dip_core_std_top_4x4_drc_backend.rep
DIP,user_guide,USER_GUIDE.M9,4,4,/home/host_1/systolic_array_edge/asic_commercial/dip/reports/calibre/dip_core_std_top_4x4_drc_backend.rep
DIP,user_guide,USER_GUIDE.M10,36,36,/home/host_1/systolic_array_edge/asic_commercial/dip/reports/calibre/dip_core_std_top_4x4_drc_backend.rep
DIP,user_guide,USER_GUIDE.VIA6,1198,1206,/home/host_1/systolic_array_edge/asic_commercial/dip/reports/calibre/dip_core_std_top_4x4_drc_backend.rep
DIP,user_guide,USER_GUIDE.VIA7,1192,1192,/home/host_1/systolic_array_edge/asic_commercial/dip/reports/calibre/dip_core_std_top_4x4_drc_backend.rep
DIP,user_guide,USER_GUIDE.VIA8,312,312,/home/host_1/systolic_array_edge/asic_commercial/dip/reports/calibre/dip_core_std_top_4x4_drc_backend.rep
DIP,user_guide,USER_GUIDE.VIA9,632,632,/home/host_1/systolic_array_edge/asic_commercial/dip/reports/calibre/dip_core_std_top_4x4_drc_backend.rep
DIP,warning,IO_CONNECT_CORE_NET_VOLTAGE_IS_CORE:WARNING1,1,1,/home/host_1/systolic_array_edge/asic_commercial/dip/reports/calibre/dip_core_std_top_4x4_drc_backend.rep
DIP,warning,FLIP_CHIP_WITHOUT_28K_AP:WARNING,1,1,/home/host_1/systolic_array_edge/asic_commercial/dip/reports/calibre/dip_core_std_top_4x4_drc_backend.rep
DIP,warning,DIODMY_L:WARNING,1,1,/home/host_1/systolic_array_edge/asic_commercial/dip/reports/calibre/dip_core_std_top_4x4_drc_backend.rep
DIP,geometry,G.4:M1i,2271,2271,/home/host_1/systolic_array_edge/asic_commercial/dip/reports/calibre/dip_core_std_top_4x4_drc_backend.rep
DIP,geometry,G.4:M2i,381,381,/home/host_1/systolic_array_edge/asic_commercial/dip/reports/calibre/dip_core_std_top_4x4_drc_backend.rep
DIP,geometry,G.4:M3i,2,2,/home/host_1/systolic_array_edge/asic_commercial/dip/reports/calibre/dip_core_std_top_4x4_drc_backend.rep
DIP,contact,CO.EN.6,66,19597,/home/host_1/systolic_array_edge/asic_commercial/dip/reports/calibre/dip_core_std_top_4x4_drc_backend.rep
DIP,metal,M1.W.4,1,1,/home/host_1/systolic_array_edge/asic_commercial/dip/reports/calibre/dip_core_std_top_4x4_drc_backend.rep
DIP,metal,M1.S.1,759,759,/home/host_1/systolic_array_edge/asic_commercial/dip/reports/calibre/dip_core_std_top_4x4_drc_backend.rep
DIP,metal,M1.S.7,6,6,/home/host_1/systolic_array_edge/asic_commercial/dip/reports/calibre/dip_core_std_top_4x4_drc_backend.rep
DIP,metal,M1.S.8,7,7,/home/host_1/systolic_array_edge/asic_commercial/dip/reports/calibre/dip_core_std_top_4x4_drc_backend.rep
DIP,metal,M2.W.1,1,1,/home/host_1/systolic_array_edge/asic_commercial/dip/reports/calibre/dip_core_std_top_4x4_drc_backend.rep
DIP,metal,M2.W.4,31,31,/home/host_1/systolic_array_edge/asic_commercial/dip/reports/calibre/dip_core_std_top_4x4_drc_backend.rep
DIP,metal,M2.S.1,754,754,/home/host_1/systolic_array_edge/asic_commercial/dip/reports/calibre/dip_core_std_top_4x4_drc_backend.rep
DIP,metal,M2.S.7,64,64,/home/host_1/systolic_array_edge/asic_commercial/dip/reports/calibre/dip_core_std_top_4x4_drc_backend.rep
DIP,metal,M2.S.8,61,61,/home/host_1/systolic_array_edge/asic_commercial/dip/reports/calibre/dip_core_std_top_4x4_drc_backend.rep
DIP,via,VIA2.EN.11,1,1,/home/host_1/systolic_array_edge/asic_commercial/dip/reports/calibre/dip_core_std_top_4x4_drc_backend.rep
DIP,metal,M3.S.1,364,364,/home/host_1/systolic_array_edge/asic_commercial/dip/reports/calibre/dip_core_std_top_4x4_drc_backend.rep
DIP,metal,M3.S.2,2,2,/home/host_1/systolic_array_edge/asic_commercial/dip/reports/calibre/dip_core_std_top_4x4_drc_backend.rep
DIP,metal,M3.S.7,3,3,/home/host_1/systolic_array_edge/asic_commercial/dip/reports/calibre/dip_core_std_top_4x4_drc_backend.rep
DIP,metal,M3.S.8,9,9,/home/host_1/systolic_array_edge/asic_commercial/dip/reports/calibre/dip_core_std_top_4x4_drc_backend.rep
DIP,metal,M4.S.1,304,304,/home/host_1/systolic_array_edge/asic_commercial/dip/reports/calibre/dip_core_std_top_4x4_drc_backend.rep
DIP,metal,M4.S.7,1,1,/home/host_1/systolic_array_edge/asic_commercial/dip/reports/calibre/dip_core_std_top_4x4_drc_backend.rep
DIP,metal,M4.S.8,2,2,/home/host_1/systolic_array_edge/asic_commercial/dip/reports/calibre/dip_core_std_top_4x4_drc_backend.rep
DIP,metal,M5.S.1,298,298,/home/host_1/systolic_array_edge/asic_commercial/dip/reports/calibre/dip_core_std_top_4x4_drc_backend.rep
DIP,metal,M6.S.1,1,298,/home/host_1/systolic_array_edge/asic_commercial/dip/reports/calibre/dip_core_std_top_4x4_drc_backend.rep
